Workbook
Name __PP1: '[1]Red 12Piletas'!$E$99
Name __PP1: '[2]Red 12Piletas'!$E$99
Name __PP10: '[1]Red 12Piletas'!$E$127
Name __PP10: '[2]Red 12Piletas'!$E$127
Name __PP11: '[1]Red 12Piletas'!$E$131
Name __PP11: '[2]Red 12Piletas'!$E$131
Name __PP12: '[1]Red 12Piletas'!$E$135
Name __PP12: '[2]Red 12Piletas'!$E$135
Name __PP2: '[1]Red 12Piletas'!$E$102
Name __PP2: '[2]Red 12Piletas'!$E$102
Name __PP3: '[1]Red 12Piletas'!$E$105
Name __PP3: '[2]Red 12Piletas'!$E$105
Name __PP4: '[1]Red 12Piletas'!$E$108
Name __PP4: '[2]Red 12Piletas'!$E$108
Name __PP5: '[1]Red 12Piletas'!$E$112
Name __PP5: '[2]Red 12Piletas'!$E$112
Name __PP6: '[1]Red 12Piletas'!$E$115
Name __PP6: '[2]Red 12Piletas'!$E$115
Name __PP7: '[1]Red 12Piletas'!$E$118
Name __PP7: '[2]Red 12Piletas'!$E$118
Name __PP8: '[1]Red 12Piletas'!$E$121
Name __PP8: '[2]Red 12Piletas'!$E$121
Name __PP9: '[1]Red 12Piletas'!$E$124
Name __PP9: '[2]Red 12Piletas'!$E$124
Name _PP1: '[1]Red 12Piletas'!$E$99
Name _PP1: '[2]Red 12Piletas'!$E$99
Name _PP10: '[1]Red 12Piletas'!$E$127
Name _PP10: '[2]Red 12Piletas'!$E$127
Name _PP11: '[1]Red 12Piletas'!$E$131
Name _PP11: '[2]Red 12Piletas'!$E$131
Name _PP12: '[1]Red 12Piletas'!$E$135
Name _PP12: '[2]Red 12Piletas'!$E$135
Name _PP2: '[1]Red 12Piletas'!$E$102
Name _PP2: '[2]Red 12Piletas'!$E$102
Name _PP3: '[1]Red 12Piletas'!$E$105
Name _PP3: '[2]Red 12Piletas'!$E$105
Name _PP4: '[1]Red 12Piletas'!$E$108
Name _PP4: '[2]Red 12Piletas'!$E$108
Name _PP5: '[1]Red 12Piletas'!$E$112
Name _PP5: '[2]Red 12Piletas'!$E$112
Name _PP6: '[1]Red 12Piletas'!$E$115
Name _PP6: '[2]Red 12Piletas'!$E$115
Name _PP7: '[1]Red 12Piletas'!$E$118
Name _PP7: '[2]Red 12Piletas'!$E$118
Name _PP8: '[1]Red 12Piletas'!$E$121
Name _PP8: '[2]Red 12Piletas'!$E$121
Name _PP9: '[1]Red 12Piletas'!$E$124
Name _PP9: '[2]Red 12Piletas'!$E$124
Name A: #REF!
Name A: #REF!
Name B: #REF!
Name B: #REF!
Name B: #REF!
Name captac2: #REF!
Name captac2: #REF!
Name COSTO2.03.01: '[3]Cuadro Nº06-C.U.'!#REF!
Name COSTO2.03.01: '[3]Cuadro Nº06-C.U.'!#REF!
Name COSTO2.03.02: '[3]Cuadro Nº06-C.U.'!#REF!
Name COSTO2.03.02: '[3]Cuadro Nº06-C.U.'!#REF!
Name COSTO2.05: '[3]Cuadro Nº06-C.U.'!#REF!

Sheet UBS AH
B2: PLANILLA DE METRADOS DE SANEAMIENTO
B3: "CREACION DEL SERVICIO DE AGUA POTABLE RURAL Y CREACION DEL SERVICIO DE ALCANTARILLADO U OTRAS FORMAS DE DISPOSICION SANITARIA DE EXCRETAS EN EL SECTOR NUEVA ESPERANZA DE LA CC.NN. BAJO PITUCUNA DISTRITO DE RIO NEGRO, PROVINCIA DE SATIPO, DEPARTAMENTO DE JUNIN"
B4: UBS - AH PARA I.E. PRIMARIA
B24: PARTIDA | C24: DESCRIPCION | D24: UNID. | E24: VECES | F24: LONG. | G24: ANCHO | H24: ALTURA | I24: SUB-TOTAL | J24: TOTAL
B25: 02 | C25: SISTEMA DE SANEAMIENTO
B26: =+B25 &".03.01" -> 02.03.01 | C26: ="UBS AH PARA I.E. PRIMARIA ("&1&" und)" -> UBS AH PARA I.E. PRIMARIA (1 und)
B27: =+B26 &".01" -> 02.03.01.01 | C27: ESTRUCTURAS
B28: =$B$27 & ".01" -> 02.03.01.01.01 | C28: TRABAJOS PRELIMINARES | E28: 1
B29: =$B$28 & ".01" -> 02.03.01.01.01.01 | C29: LIMPIEZA DE TERRENO MANUAL | D29: m2 | I29: =+SUM(I30:I31) -> 18.52 | J29: =+$E$28*I29 -> 18.52
C30: Caseta UBS | E30: 1 | F30: 5.1 | G30: 1.6 | I30: =+ROUND(PRODUCT(E30:H30),2) -> 8.16
C31: Vereda | E31: 1 | F31: area | G31: 10.3632 | I31: =+ROUND(PRODUCT(E31:H31),2) -> 10.36
B33: =$B$28 & ".02" -> 02.03.01.01.01.02 | C33: TRAZO Y REPLANTEO INICIAL EN ESTRUCTURAS DE CASETA | D33: m2 | I33: =+SUM(I34:I35) -> 18.52 | J33: =+$E$28*I33 -> 18.52
C34: Caseta UBS | E34: 1 | F34: =F30 -> 5.1 | G34: =G30 -> 1.6 | I34: =+ROUND(PRODUCT(E34:H34),2) -> 8.16
C35: Vereda | E35: 1 | F35: area | G35: =G31 -> 10.3632 | I35: =+ROUND(PRODUCT(E35:H35),2) -> 10.36
B37: =$B$28 & ".03" -> 02.03.01.01.01.03 | C37: TRAZO Y REPLANTEO DURANTE PROCESO EN ESTRUCTURAS DE CASETA | D37: m2 | I37: =+SUM(I38:I39) -> 18.52 | J37: =+$E$28*I37 -> 18.52
C38: Caseta UBS | E38: 1 | F38: =F34 -> 5.1 | G38: =G34 -> 1.6 | I38: =+ROUND(PRODUCT(E38:H38),2) -> 8.16
C39: Vereda | E39: 1 | F39: area | G39: =G35 -> 10.3632 | I39: =+ROUND(PRODUCT(E39:H39),2) -> 10.36
B41: =$B$27 & ".02" -> 02.03.01.01.02 | C41: MOVIMIENTO DE TIERRAS | E41: =E28 -> 1
B42: =$B$41 & ".01" -> 02.03.01.01.02.01 | C42: EXCAVACION MANUAL EN TERRENO NORMAL | D42: m3 | I42: =SUM(I43:I47) -> 5.84 | J42: =+$E$41*I42 -> 5.84
C43: Piso de la caseta | E43: 3 | F43: 1.05 | G43: 1.25 | H43: 0.2 | I43: =+ROUND(PRODUCT(E43:H43),2) -> 0.79
C44: Excavación manual de zanjas para cimientos corridos
C45: CC-01 (0.40 x 0.50)- EJE 1-1 Y EJE 2-2 | E45: 2 | F45: 5.35 | G45: 0.4 | H45: 0.5 | I45: =+ROUND(PRODUCT(E45:H45),2) -> 2.14
C46: CC-01 (0.40 x 0.50)-EJE A-A, EJE B-B, EJE C-C Y EJE D-D | E46: 4 | F46: 1.05 | G46: 0.4 | H46: 0.5 | I46: =+ROUND(PRODUCT(E46:H46),2) -> 0.84
C47: Vereda | E47: 1 | F47: area | G47: =G39 -> 10.3632 | H47: 0.2 | I47: =+ROUND(PRODUCT(E47:H47),2) -> 2.07
B49: =$B$41 & ".02" -> 02.03.01.01.02.02 | C49: NIVELACION INTERIOR Y APISONADO (MANUAL) | D49: m2 | I49: =SUM(I50:I51) -> 18.52 | J49: =+$E$41*I49 -> 18.52
C50: Caseta UBS | E50: 1 | F50: =F30 -> 5.1 | G50: =G30 -> 1.6 | I50: =+ROUND(PRODUCT(E50:H50),2) -> 8.16
C51: Vereda | E51: 1 | F51: area | G51: =G31 -> 10.3632 | I51: =+ROUND(PRODUCT(E51:H51),2) -> 10.36
B53: =$B$41 & ".03" -> 02.03.01.01.02.03 | C53: RELLENO CON MATERIAL PROPIO SELECCIONADO | I53: =I54+I55+I56 -> 1.11 | J53: =I53*E41 -> 1.11
C54: Piso de la Caseta UBS | E54: 3 | F54: 1.05 | G54: 1.25 | H54: 0.1 | I54: =+ROUND(PRODUCT(E54:H54),2) -> 0.39
C55: Vereda | E55: 1 | F55: area | G55: 0.01 | H55: 12.2 | I55: =+ROUND(PRODUCT(E55:H55),2) -> 0.12
F56: area | G56: 0.105 | H56: 5.7 | I56: =+ROUND(PRODUCT(E56:H56),2) -> 0.6
B58: =$B$41 & ".04" -> 02.03.01.01.02.04 | C58: ACARREO Y ELIMINACION DE MAT. EXCEDENTE Dmax=30 m | D58: m3 | I58: =SUM(I60:I62) -> 5.52 | J58: =I58 -> 5.52
G59: vol. | H59: F.Espjm
C60: Vol.= vol. Excavacion de terreno suelto 85% | E60: 1 | F60: 0.85 | G60: =J42 -> 5.84 | H60: 1.15 | I60: =+ROUND(PRODUCT(E60:H60),2) -> 5.71
C61: Vol.= vol. Excavacion de boloneria 15% | E61: 1 | F61: 0.15 | G61: =J42 -> 5.84 | H61: 1.3 | I61: =+ROUND(PRODUCT(E61:H61),2) -> 1.14
C62: Vol rellenado | E62: -1 | G62: =J53 -> 1.11 | H62: 1.2 | I62: =+ROUND(PRODUCT(E62:H62),2) -> -1.33
B64: =$B$27 & ".03" -> 02.03.01.01.03 | C64: OBRAS DE CONCRETO SIMPLE | E64: =E28 -> 1
B65: =$B$64 & ".01" -> 02.03.01.01.03.01 | C65: CONCRETO EN CIMIENTOS C:H 1:10+30% PG | D65: m3 | I65: =SUM(I66:I67) -> 2.98 | J65: =+$E$64*I65 -> 2.98
C66: CC-01 (0.40 x 0.50)- EJE 1-1 Y 2-2 | E66: 2 | F66: 5.35 | G66: 0.4 | H66: 0.5 | I66: =+ROUND(PRODUCT(E66:H66),2) -> 2.14
C67: CC-01 (0.40 x 0.50)-EJE A-A, B-B, C-C Y D-D | E67: 4 | F67: 1.05 | G67: 0.4 | H67: 0.5 | I67: =+ROUND(PRODUCT(E67:H67),2) -> 0.84
B69: =$B$64 & ".02" -> 02.03.01.01.03.02 | C69: CONCRETO EN SOBRECIMIENTOS C:H 1:8+25% PM | D69: m3 | I69: =SUM(I70:I72) -> 0.46 | J69: =+$E$64*I69 -> 0.46
C70: ENTRE EJE 1-1 | E70: 1 | F70: 2.1 | G70: 0.13 | H70: 0.3 | I70: =+ROUND(PRODUCT(E70:H70),2) -> 0.08
C71: ENTRE EJE 2-2 | E71: 1 | F71: 4.5 | G71: 0.13 | H71: 0.3 | I71: =+ROUND(PRODUCT(E71:H71),2) -> 0.18
C72: ENTRE EJE A-A, B-B, C-C Y D-D | E72: 4 | F72: 1.3 | G72: 0.13 | H72: 0.3 | I72: =+ROUND(PRODUCT(E72:H72),2) -> 0.2
B74: =$B$64 & ".03" -> 02.03.01.01.03.03 | C74: SOLADO f'c=100 kg/cm2, e=10 cm | D74: m2 | I74: =SUM(I75:I75) -> 1.28 | J74: =+E64*I74 -> 1.28
C75: En base de columnas | E75: 8 | F75: 0.4 | G75: 0.4 | I75: =+ROUND(PRODUCT(E75:H75),2) -> 1.28
B77: =$B$64 & ".04" -> 02.03.01.01.03.04 | C77: ENCOFRADO Y DESENCOFRADO PARA SOBRECIMIENTOS | D77: m2 | I77: =SUM(I78:I81) -> 7.22 | J77: =+$E$64*I77 -> 7.22
C78: ENTRE EJE 1-1 | E78: 2 | F78: 2.1 | H78: 0.3 | I78: =+ROUND(PRODUCT(E78:H78),2) -> 1.26
E79: 3 | F79: 0.15 | H79: 0.3 | I79: =+ROUND(PRODUCT(E79:H79),2) -> 0.14
C80: ENTRE EJE 2-2 | E80: 2 | F80: 4.5 | H80: 0.3 | I80: =+ROUND(PRODUCT(E80:H80),2) -> 2.7
C81: ENTRE EJE A-A, B-B, C-C Y D-D | E81: 8 | F81: 1.3 | H81: 0.3 | I81: =+ROUND(PRODUCT(E81:H81),2) -> 3.12
B83: =$B$64 & ".05" -> 02.03.01.01.03.05 | C83: CONCRETO f'c=175 kg/cm2 EN FALSA COLUMNA | D83: m3 | I83: =SUM(I84:I85) -> 0.02 | J83: =+$E$64*I83 -> 0.02
C84: Falsa columna | E84: 1 | F84: 0.1 | G84: 0.1 | H84: 1.6 | I84: =+ROUND(PRODUCT(E84:H84),2) -> 0.02
B86: =$B$64 & ".06" -> 02.03.01.01.03.06 | C86: ENCOFRADO Y DESENCOFRADO PARA FALSA COLUMNA | D86: m2 | I86: =SUM(I87:I88) -> 1.44 | J86: =+$E$64*I86 -> 1.44
C87: Falsa columna | E87: 3 | F87: 0.3 | H87: 1.6 | I87: =+ROUND(PRODUCT(E87:H87),2) -> 1.44
B89: =$B$27 & ".04" -> 02.03.01.01.04 | C89: OBRAS DE CONCRETO ARMADO | E89: =E64 -> 1
B90: =$B$89 & ".01" -> 02.03.01.01.04.01 | C90: CONCRETO f'c=175 kg/cm2 EN COLUMNAS | D90: m3 | I90: =SUM(I91:I92) -> 0.41 | J90: =+$E$89*I90 -> 0.41
C91: Columnas frontales | E91: 4 | F91: 0.15 | G91: 0.15 | H91: 2.25 | I91: =+ROUND(PRODUCT(E91:H91),2) -> 0.2
C92: Columnas posteriores | E92: 4 | F92: 0.15 | G92: 0.15 | H92: 2.31 | I92: =+ROUND(PRODUCT(E92:H92),2) -> 0.21
B94: =$B$89 & ".02" -> 02.03.01.01.04.02 | C94: CONCRETO f'c=175 kg/cm2 EN VIGAS | D94: m3 | I94: =SUM(I95:I97) -> 0.37 | J94: =+$E$89*I94 -> 0.37
C95: Vigas rectas | E95: 2 | F95: 5.1 | G95: 0.15 | H95: 0.15 | I95: =+ROUND(PRODUCT(E95:H95),2) -> 0.23
C96: Vigas inclinadas | E96: 4 | F96: 1.34 | G96: 0.15 | H96: 0.17 | I96: =+ROUND(PRODUCT(E96:H96),2) -> 0.14
B98: =$B$89 & ".03" -> 02.03.01.01.04.03 | C98: ENCOFRADO Y DESENCOFRADO EN COLUMNAS | D98: m2 | I98: =+SUM(I99:I100) -> 10.94 | J98: =+$E$89*I98 -> 10.94
C99: Columnas frontales | E99: 4 | F99: perim | G99: 0.6 | H99: 2.25 | I99: =+ROUND(PRODUCT(E99:H99),2) -> 5.4
C100: Columnas posteriores | E100: 4 | F100: perim | G100: 0.6 | H100: 2.31 | I100: =+ROUND(PRODUCT(E100:H100),2) -> 5.54
B102: =$B$89 & ".04" -> 02.03.01.01.04.04 | C102: ENCOFRADO Y DESENCOFRADO EN VIGAS | D102: m2 | I102: =+SUM(I103:I105) -> 7.21 | J102: =+$E$89*I102 -> 7.21
C103: Vigas rectas | E103: 6 | F103: 5.1 | H103: 0.15 | I103: =+ROUND(PRODUCT(E103:H103),2) -> 4.59
C104: Vigas inclinadas | E104: 8 | F104: 1.34 | H104: 0.17 | I104: =+ROUND(PRODUCT(E104:H104),2) -> 1.82
E105: 4 | F105: 1.34 | H105: 0.15 | I105: =+ROUND(PRODUCT(E105:H105),2) -> 0.8
B107: =$B$89 & ".05" -> 02.03.01.01.04.05 | C107: ACERO CORRUGADO f'y=4200 kg/cm2 G-60 EN CASETA DE UBS | D107: kg | G107: pesoxkg | I107: =SUM(I108:I111)*1.05 -> 159.51739 | J107: =+$E$89*I107 -> 159.51739
C108: Aceros vertical columna | E108: 1 | F108: ='Metrado Acero'!O8+'Metrado Acero'!O13+'Metrado Acero'!O28 -> 131.91 | G108: 0.56 | I108: =PRODUCT(E108:H108) -> 73.8696
C109: Estribos de columnas | E109: 1 | F109: ='Metrado Acero'!N18+'Metrado Acero'!N23 -> 110.2 | G109: 0.222 | I109: =PRODUCT(E109:H109) -> 24.4644
C110: Acero horizontal en viga | E110: 1 | F110: ='Metrado Acero'!O33+'Metrado Acero'!O38 -> 67.68 | G110: 0.56 | I110: =PRODUCT(E110:H110) -> 37.9008
C111: Estribos de las vigas | E111: 1 | F111: ='Metrado Acero'!N43+'Metrado Acero'!N48 -> 70.66 | G111: 0.222 | I111: =PRODUCT(E111:H111) -> 15.68652
B112: =$B$26 & ".02" -> 02.03.01.02 | C112: ARQUITECTURA
B113: =$B$112 & ".01" -> 02.03.01.02.01 | C113: MUROS Y TABIQUES DE ALBAÑILERÍA | E113: =E89 -> 1
B114: =$B$113 & ".01" -> 02.03.01.02.01.01 | C114: MURO DE LADRILLO KK 18 HUECOS DE SOGA, C:A 1:4, e=1.50 cm | D114: m2 | I114: =+SUM(I115:I118) -> 24.61 | J114: =+$E$113*I114 -> 24.61
C115: Muros EJE A-A, ENTRE EJE 1 A EJE 2 | E115: 4 | F115: area | G115: 2.789 | I115: =+ROUND(PRODUCT(E115:H115),2) -> 11.16
C116: Muros EJE 1-1, ENTRE EJE A A EJE D | E116: 1 | F116: 2.1 | H116: 1.95 | I116: =+ROUND(PRODUCT(E116:H116),2) -> 4.1
C117: Muros EJE 2-2, ENTRE EJE A A EJE D | E117: 1 | F117: 4.5 | H117: 2.31 | I117: =+ROUND(PRODUCT(E117:H117),2) -> 10.4
C118: Descuento de ventana | E118: -3 | F118: 0.7 | H118: 0.5 | I118: =+ROUND(PRODUCT(E118:H118),2) -> -1.05
B120: =$B$112 & ".02" -> 02.03.01.02.02 | C120: REVOQUES Y ENLUCIDOS | E120: =E113 -> 1
B121: =$B$120 & ".01" -> 02.03.01.02.02.01 | C121: TARRAJEO DE MUROS INTERIORES C/IMPERMEABILIZANTE Y CEMENTO PULIDO C:A=1:5, e =1.5 cm. | D121: m2 | I121: =SUM(I122:I123) -> 18.36 | J121: =$E$120*I121 -> 18.36
C122: Interior de ss.hh. niños, niñas y profesores | E122: 3 | F122: perimetro | G122: 5.1 | H122: 1.2 | I122: =+ROUND(PRODUCT(E122:H122),2) -> 18.36
B124: =$B$120 & ".02" -> 02.03.01.02.02.02 | C124: TARRAJEO INTERIOR DE MURO CEMENTO FROTACHADO C:A=1:5, e =1.5 cm. | D124: m2 | I124: =SUM(I125:I130) -> 17.69 | J124: =$E$120*I124 -> 17.69
C125: Muro interior laterales | E125: 6 | F125: area | G125: 1.6353 | I125: =+ROUND(PRODUCT(E125:H125),2) -> 9.81
C126: Muro interior frontal | E126: 3 | F126: 0.7 | H126: 0.95 | I126: =+ROUND(PRODUCT(E126:H126),2) -> 2
C127: Muro interior posterior | E127: 3 | F127: 1.3 | H127: 1.5 | I127: =+ROUND(PRODUCT(E127:H127),2) -> 5.85
C128: Descuento de ventana | E128: -3 | F128: 0.7 | H128: 0.5 | I128: =+ROUND(PRODUCT(E128:H128),2) -> -1.05
C129: Derrames de ventana | E129: 6 | F129: 0.7 | G129: 0.15 | I129: =+ROUND(PRODUCT(E129:H129),2) -> 0.63
E130: 6 | F130: 0.5 | G130: 0.15 | I130: =+ROUND(PRODUCT(E130:H130),2) -> 0.45
B132: =$B$120 & ".03" -> 02.03.01.02.02.03 | C132: TARRAJEO EXTERIOR DE MURO MEZCLA C:A=1:4, e =1.5 cm. | D132: m2 | I132: =SUM(I133:I136) -> 19.03 | J132: =$E$120*I132 -> 19.03
C133: Muros EJE A-A, ENTRE EJE 1 A EJE 2 | E133: 2 | F133: area | G133: 2.789 | I133: =+ROUND(PRODUCT(E133:H133),2) -> 5.58
C134: Muros EJE 1-1, ENTRE EJE A A EJE D | E134: 1 | F134: 2.1 | H134: 1.95 | I134: =+ROUND(PRODUCT(E134:H134),2) -> 4.1
C135: Muros EJE 2-2, ENTRE EJE A A EJE D | E135: 1 | F135: 4.5 | H135: 2.31 | I135: =+ROUND(PRODUCT(E135:H135),2) -> 10.4
C136: Descuento de ventana | E136: -3 | F136: 0.7 | H136: 0.5 | I136: =+ROUND(PRODUCT(E136:H136),2) -> -1.05
B138: =$B$120 & ".04" -> 02.03.01.02.02.04 | C138: TARRAJEO EN COLUMNAS Y VIGAS / ACABADO FR0TACHADO E=1.5CM | D138: m2 | I138: =SUM(I139:I142) -> 13.22 | J138: =$E$120*I138 -> 13.22
C139: Columnas frontales | E139: 9 | F139: 0.15 | H139: 2.15 | I139: =+ROUND(PRODUCT(E139:H139),2) -> 2.9
C140: Columnas posteriores | E140: 6 | F140: 0.15 | H140: 2.5 | I140: =+ROUND(PRODUCT(E140:H140),2) -> 2.25
C141: Vigas frontales y posteriores | E141: 2 | F141: perimetro | G141: 0.5 | H141: 5.1 | I141: =+ROUND(PRODUCT(E141:H141),2) -> 5.1
...

Sheet Metrado de Acero
B2: HOJA DE METRADOS DE SANEAMIENTO
B4: =+'UBS AH'!B3:J3 -> "CREACION DEL SERVICIO DE AGUA POTABLE RURAL Y CREACION DEL SERVICIO DE ALCANTARILLADO U OTRAS FORMAS DE DISPOSICION SANITARIA DE EXCRETAS EN EL SECTOR NUEVA ESPERANZA DE LA CC.NN. BAJO PITUCUNA DISTRITO DE RIO NEGRO, PROVINCIA DE SATIPO, DEPARTAMENTO DE JUNIN"
B6: =+"METRADO DE ACERO DE "&'UBS AH'!B4:J4 -> METRADO DE ACERO DE UBS - AH PARA I.E. PRIMARIA
B8: =+'UBS AH'!B107 -> 02.03.01.01.04.05 | D8: =+'UBS AH'!C107 -> ACERO CORRUGADO f'y=4200 kg/cm2 G-60 EN CASETA DE UBS | H8: CASETA UBS
B10: DESCRIPCION | D10: ELEMENTO | J10: Ø (Pulg.) | K10: CANTIDAD | L10: N° DE ELEMENTOS | M10: LONG. DEL ELEMENTO (m) | N10: LONGITUD (m)
N11: 1/4" | O11: 3/8" | P11: 1/2" | Q11: 5/8" | R11: 3/4" | S11: 1"
B12: Zapata | C12: Longitudinal
J13: 3/8" | K13: 4 | L13: 3 | M13: =+F14 -> 0.28 | N13: =IF(+$J13=N$11,+$K13*$L13*$M13,0) -> 0 | O13: =IF(+$J13=O$11,+$K13*$L13*$M13,0) -> 3.36 | P13: =IF(+$J13=P$11,+$K13*$L13*$M13,0) -> 0 | Q13: =IF(+$J13=Q$11,+$K13*$L13*$M13,0) -> 0 | R13: =IF(+$J13=R$11,+$K13*$L13*$M13,0) -> 0 | S13: =IF(+$J13=S$11,+$K13*$L13*$M13,0) -> 0
F14: 0.28
C16: Transversal
J17: 3/8" | K17: =+K13 -> 4 | L17: 11 | M17: =+F18 -> 0.28 | N17: =IF(+$J17=N$11,+$K17*$L17*$M17,0) -> 0 | O17: =IF(+$J17=O$11,+$K17*$L17*$M17,0) -> 12.32
F18: 0.28 | P18: =IF(+$J17=P$11,+$K17*$L17*$M17,0) -> 0 | Q18: =IF(+$J17=Q$11,+$K17*$L17*$M17,0) -> 0 | R18: =IF(+$J17=R$11,+$K17*$L17*$M17,0) -> 0 | S18: =IF(+$J17=S$11,+$K17*$L17*$M17,0) -> 0
C20: Estribos
F22: 0.05
G23: 0.1 | J23: 1/4" | K23: =+K13 -> 4 | L23: 3 | M23: =+F26*2+G23*2+F22*2 -> 0.5 | N23: =IF(+$J23=N$11,+$K23*$L23*$M23,0) -> 6 | O23: =IF(+$J23=O$11,+$K23*$L23*$M23,0) -> 0
F26: 0.1 | P26: =IF(+$J23=P$11,+$K23*$L23*$M23,0) -> 0 | Q26: =IF(+$J23=Q$11,+$K23*$L23*$M23,0) -> 0 | R26: =IF(+$J23=R$11,+$K23*$L23*$M23,0) -> 0 | S26: =IF(+$J23=S$11,+$K23*$L23*$M23,0) -> 0
B28: Columnas | C28: Vertical
G29: 0.16
J31: 3/8" | K31: =+K13 -> 4 | L31: 4 | M31: =+F34+G32+G29 -> 3.32 | N31: =IF(+$J31=N$11,+$K31*$L31*$M31,0) -> 0 | O31: =IF(+$J31=O$11,+$K31*$L31*$M31,0) -> 53.12 | P31: =IF(+$J31=P$11,+$K31*$L31*$M31,0) -> 0 | Q31: =IF(+$J31=Q$11,+$K31*$L31*$M31,0) -> 0 | R31: =IF(+$J31=R$11,+$K31*$L31*$M31,0) -> 0 | S31: =IF(+$J31=S$11,+$K31*$L31*$M31,0) -> 0
G32: 3.09
F34: 0.07
C36: Estribos
F38: 0.05
G39: 0.1 | J39: 1/4" | K39: =+K31 -> 4 | L39: 18 | M39: =+F41*2+G39*2+F38*2 -> 0.5 | N39: =IF(+$J39=N$11,+$K39*$L39*$M39,0) -> 36 | O39: =IF(+$J39=O$11,+$K39*$L39*$M39,0) -> 0
F41: 0.1 | P41: =IF(+$J39=P$11,+$K39*$L39*$M39,0) -> 0 | Q41: =IF(+$J39=Q$11,+$K39*$L39*$M39,0) -> 0 | R41: =IF(+$J39=R$11,+$K39*$L39*$M39,0) -> 0 | S41: =IF(+$J39=S$11,+$K39*$L39*$M39,0) -> 0
B43: Vigas V-1 | C43: Horizontal
F44: 3.07
J45: 3/8" | K45: 4 | L45: 2 | M45: =+E46+G46+F44 -> 3.39 | N45: =IF(+$J45=N$11,+$K45*$L45*$M45,0) -> 0 | O45: =IF(+$J45=O$11,+$K45*$L45*$M45,0) -> 27.12 | P45: =IF(+$J45=P$11,+$K45*$L45*$M45,0) -> 0 | Q45: =IF(+$J45=Q$11,+$K45*$L45*$M45,0) -> 0 | R45: =IF(+$J45=R$11,+$K45*$L45*$M45,0) -> 0 | S45: =IF(+$J45=S$11,+$K45*$L45*$M45,0) -> 0
E46: 0.16 | G46: 0.16
C48: Estribos
G50: 0.35
J51: 1/4" | K51: =+K45 -> 4 | L51: 21 | M51: =+G50 -> 0.35 | N51: =IF(+$J51=N$11,+$K51*$L51*$M51,0) -> 29.4 | O51: =IF(+$J51=O$11,+$K51*$L51*$M51,0) -> 0
B53: Vigas V-2 | C53: Horizontal
F54: 2.22
J55: 3/8" | K55: 4 | L55: 2 | M55: =+E56+G56+F54 -> 2.54 | N55: =IF(+$J55=N$11,+$K55*$L55*$M55,0) -> 0 | O55: =IF(+$J55=O$11,+$K55*$L55*$M55,0) -> 20.32 | P55: =IF(+$J55=P$11,+$K55*$L55*$M55,0) -> 0 | Q55: =IF(+$J55=Q$11,+$K55*$L55*$M55,0) -> 0 | R55: =IF(+$J55=R$11,+$K55*$L55*$M55,0) -> 0 | S55: =IF(+$J55=S$11,+$K55*$L55*$M55,0) -> 0
E56: 0.16 | G56: 0.16
C58: Estribos
G60: 0.35
J61: 1/4" | K61: =+K55 -> 4 | L61: 17 | M61: =+G60 -> 0.35 | N61: =IF(+$J61=N$11,+$K61*$L61*$M61,0) -> 23.8 | O61: =IF(+$J61=O$11,+$K61*$L61*$M61,0) -> 0
P62: =IF(+$J61=P$11,+$K61*$L61*$M61,0) -> 0 | Q62: =IF(+$J61=Q$11,+$K61*$L61*$M61,0) -> 0 | R62: =IF(+$J61=R$11,+$K61*$L61*$M61,0) -> 0 | S62: =IF(+$J61=S$11,+$K61*$L61*$M61,0) -> 0
B64: Vigas V-3 | C64: Horizontal
F65: 2.22
J66: 3/8" | K66: 1 | L66: 4 | M66: =+E67+G67+F65 -> 2.54 | N66: =IF(+$J66=N$11,+$K66*$L66*$M66,0) -> 0 | O66: =IF(+$J66=O$11,+$K66*$L66*$M66,0) -> 10.16 | P66: =IF(+$J66=P$11,+$K66*$L66*$M66,0) -> 0 | Q66: =IF(+$J66=Q$11,+$K66*$L66*$M66,0) -> 0 | R66: =IF(+$J66=R$11,+$K66*$L66*$M66,0) -> 0 | S66: =IF(+$J66=S$11,+$K66*$L66*$M66,0) -> 0
E67: 0.16 | G67: 0.16
C69: Estribos
F71: 0.05
G72: 0.15 | J72: 1/4" | K72: 1 | L72: 17 | M72: =+F74*2+G72*2+F71*2 -> 0.6 | N72: =IF(+$J72=N$11,+$K72*$L72*$M72,0) -> 10.2 | O72: =IF(+$J72=O$11,+$K72*$L72*$M72,0) -> 0
F74: 0.1 | P74: =IF(+$J72=P$11,+$K72*$L72*$M72,0) -> 0 | Q74: =IF(+$J72=Q$11,+$K72*$L72*$M72,0) -> 0 | R74: =IF(+$J72=R$11,+$K72*$L72*$M72,0) -> 0 | S74: =IF(+$J72=S$11,+$K72*$L72*$M72,0) -> 0
B76: Losa compostera superior | C76: Longitudinal
F77: 1.67 | H77: 0.1
J78: 3/8" | K78: 1 | L78: 11 | M78: =+E79+H77+F77 -> 1.87 | N78: =IF(+$J78=N$11,+$K78*$L78*$M78,0) -> 0 | O78: =IF(+$J78=O$11,+$K78*$L78*$M78,0) -> 20.57 | P78: =IF(+$J78=P$11,+$K78*$L78*$M78,0) -> 0 | Q78: =IF(+$J78=Q$11,+$K78*$L78*$M78,0) -> 0 | R78: =IF(+$J78=R$11,+$K78*$L78*$M78,0) -> 0 | S78: =IF(+$J78=S$11,+$K78*$L78*$M78,0) -> 0
E79: 0.1
C81: Transversal
F83: 2.2 | J83: 3/8" | K83: 1 | L83: 9 | M83: =+F83 -> 2.2 | N83: =IF(+$J83=N$11,+$K83*$L83*$M83,0) -> 0 | O83: =IF(+$J83=O$11,+$K83*$L83*$M83,0) -> 19.8
B85: Losa compostera inferior | C85: Longitudinal
F87: 1.9 | J87: 3/8" | K87: 1 | L87: 11 | M87: =+F87 -> 1.9 | N87: =IF(+$J87=N$11,+$K87*$L87*$M87,0) -> 0 | O87: =IF(+$J87=O$11,+$K87*$L87*$M87,0) -> 20.9 | P87: =IF(+$J87=P$11,+$K87*$L87*$M87,0) -> 0 | Q87: =IF(+$J87=Q$11,+$K87*$L87*$M87,0) -> 0 | R87: =IF(+$J87=R$11,+$K87*$L87*$M87,0) -> 0 | S87: =IF(+$J87=S$11,+$K87*$L87*$M87,0) -> 0
C89: Transversal
F91: 2.2 | J91: 3/8" | K91: 1 | L91: 9 | M91: =+F91 -> 2.2 | N91: =IF(+$J91=N$11,+$K91*$L91*$M91,0) -> 0 | O91: =IF(+$J91=O$11,+$K91*$L91*$M91,0) -> 19.8
B93: Escalera | C93: Longitudinal
J96: 3/8" | K96: 1 | L96: 2 | M96: =+G97 -> 3.25 | N96: =IF(+$J96=N$11,+$K96*$L96*$M96,0) -> 0 | O96: =IF(+$J96=O$11,+$K96*$L96*$M96,0) -> 6.5 | P96: =IF(+$J96=P$11,+$K96*$L96*$M96,0) -> 0 | Q96: =IF(+$J96=Q$11,+$K96*$L96*$M96,0) -> 0 | R96: =IF(+$J96=R$11,+$K96*$L96*$M96,0) -> 0 | S96: =IF(+$J96=S$11,+$K96*$L96*$M96,0) -> 0
G97: 3.25
C100: Transversal
F102: 0.55 | J102: 3/8" | K102: 1 | L102: 9 | M102: =+F102 -> 0.55 | N102: =IF(+$J102=N$11,+$K102*$L102*$M102,0) -> 0 | O102: =IF(+$J102=O$11,+$K102*$L102*$M102,0) -> 4.95
B104: Tapa de compostera | C104: Longitudinal
F106: 0.81 | J106: 1/4" | K106: 2 | L106: 7 | M106: =+F106 -> 0.81 | N106: =IF(+$J106=N$11,+$K106*$L106*$M106,0) -> 11.34 | O106: =IF(+$J106=O$11,+$K106*$L106*$M106,0) -> 0 | P106: =IF(+$J106=P$11,+$K106*$L106*$M106,0) -> 0 | Q106: =IF(+$J106=Q$11,+$K106*$L106*$M106,0) -> 0 | R106: =IF(+$J106=R$11,+$K106*$L106*$M106,0) -> 0 | S106: =IF(+$J106=S$11,+$K106*$L106*$M106,0) -> 0
C108: Transversal
F110: 0.61 | J110: 1/4" | K110: 2 | L110: 8 | M110: =+F110 -> 0.61 | N110: =IF(+$J110=N$11,+$K110*$L110*$M110,0) -> 9.76 | O110: =IF(+$J110=O$11,+$K110*$L110*$M110,0) -> 0
J112: SUB TOTAL (m) | N112: =SUM(N13:N111) -> 126.5 | O112: =SUM(O13:O111) -> 218.92 | P112: =SUM(P13:P111) -> 0 | Q112: =SUM(Q13:Q111) -> 0 | R112: =SUM(R13:R111) -> 0 | S112: =SUM(S13:S111) -> 0
J113: PESO POR DIAMETRO VARILLA (kg/m) | N113: 0.222 | O113: 0.56 | P113: 0.994 | Q113: 1.552 | R113: 2.235 | S113: 3.973
J114: SUB TOTAL (kg) | N114: =+N112*N113 -> 28.083 | O114: =+O112*O113 -> 122.5952 | P114: =+P112*P113 -> 0 | Q114: =+Q112*Q113 -> 0 | R114: =+R113*R112 -> 0 | S114: =+S113*S112 -> 0
J115: TOTAL (kg) | N115: =SUM(N114:S114) -> 150.6782

Sheet UBS TRATAMIENTO
B2: PLANILLA DE METRADOS DEL SISTEMA DE SANEAMIENTO
B3: "CREACION DEL SERVICIO DE AGUA POTABLE RURAL Y CREACION DEL SERVICIO DE ALCANTARILLADO U OTRAS FORMAS DE DISPOSICION SANITARIA DE EXCRETAS EN EL SECTOR NUEVA ESPERANZA DE LA CC.NN. BAJO PITUCUNA DISTRITO DE RIO NEGRO, PROVINCIA DE SATIPO, DEPARTAMENTO DE JUNIN"
B4: UBS - ARRASTRE HIDRAULICO PARA I.E. PRIMARIA
B19: PARTIDA | C19: DESCRIPCION | D19: UNID. | E19: VECES | F19: LONG. | G19: ANCHO | H19: ALTURA | I19: SUB-TOTAL | J19: TOTAL
B20: 02.03.02 | C20: BIODIGESTOR DE 1300 LTS PARA I.E. PRIMARIA
B21: =$B$20 & ".01" -> 02.03.02.01 | C21: TRABAJOS PRELIMINARES | E21: ='[6]UBS AH'!E30 -> 1
B22: =$B$21 & ".01" -> 02.03.02.01.01 | C22: LIMPIEZA DE TERRENO MANUAL | D22: m2 | I22: =+SUM(I23:I23) -> 4.15 | J22: =I22*E21 -> 4.15
E23: 1 | F23: area | G23: 4.1548 | I23: =+ROUND(PRODUCT(E23:H23),2) -> 4.15
B25: =$B$21 & ".02" -> 02.03.02.01.02 | C25: TRAZO Y REPLANTEO PRELIMINAR PARA ESTRUCTURAS | D25: m2 | I25: =+SUM(I26) -> 4.15 | J25: =I25*E21 -> 4.15
E26: 1 | F26: =F23 -> area | G26: =G23 -> 4.1548 | I26: =+ROUND(PRODUCT(E26:H26),2) -> 4.15
B28: =$B$21 & ".03" -> 02.03.02.01.03 | C28: TRAZO Y REPLANTEO DURANTE EL PROCESO PARA ESTRUCTURAS | D28: m2 | I28: =+SUM(I29) -> 4.15 | J28: =I28*E21 -> 4.15
E29: 1 | F29: =F26 -> area | G29: =G26 -> 4.1548 | I29: =+ROUND(PRODUCT(E29:H29),2) -> 4.15
B31: =$B$20 & ".02" -> 02.03.02.02 | C31: MOVIMIENTO DE TIERRAS | E31: =E21 -> 1
B32: =$B$31 & ".01" -> 02.03.02.02.01 | C32: EXCAVACION MANUAL EN TERRENO NORMAL | D32: m3 | I32: =+SUM(I33:I34) -> 5.37 | J32: =I32*E21 -> 5.37
C33: Solado | E33: 1 | F33: =F29 -> area | G33: 1.55 | H33: 0.1 | I33: =+ROUND(PRODUCT(E33:H33),2) -> 0.16
C34: Volumen cono truncado V = (1/3) * π * h * (r² + r * R + R²) | E34: 1 | F34: Volumen | G34: =0.333333333333333*PI()*G37*(G36*G36+G35*G35+G36*G35) -> 5.207394 | I34: =+ROUND(PRODUCT(E34:H34),2) -> 5.21
F35: r | G35: 0.6
F36: R | G36: 1.21
F37: h | G37: 1.95 | L37: =1.5*2 -> 3
B39: =$B$31 & ".02" -> 02.03.02.02.02 | C39: REFINE Y COMPACTACION DE FONDOS | D39: m2 | I39: =+SUM(I40) -> 1.55 | J39: =I39*E21 -> 1.55
E40: 1 | F40: =F33 -> area | G40: =G33 -> 1.55 | I40: =+ROUND(PRODUCT(E40:H40),2) -> 1.55
B42: =$B$31 & ".03" -> 02.03.02.02.03 | C42: RELLENO COMPACTADO CON MATERIAL PROPIO SELECCIONADO | D42: m3 | I42: =+SUM(I43:I45) -> 2.8125 | J42: =I42*E21 -> 2.8125
C43: Volumen excavado | E43: 1 | F43: Volumen | G43: =+I34 -> 5.21 | I43: =+PRODUCT(E43:H43) -> 5.21
C44: Volumen del biodigestor | E44: -1 | F44: Area= | G44: 1.15 | H44: 1.95 | I44: =+PRODUCT(E44:H44) -> -2.2425
C45: Volumen de la losa | E45: -1 | F45: Area= | G45: 1.55 | H45: 0.1 | I45: =+PRODUCT(E45:H45) -> -0.155
B47: =$B$31 & ".04" -> 02.03.02.02.04 | C47: ACARREO Y ELIMINACION DE DMATERIAL EXCEDENTE | D47: m2 | F47: fac. de esp. | I47: =+SUM(I48) -> 3.2 | J47: =I47*E21 -> 3.2
E48: 1 | F48: 1.25 | G48: =I32-I42 -> 2.5575 | I48: =+ROUND(PRODUCT(E48:H48),2) -> 3.2
B50: =$B$20 & ".03" -> 02.03.02.03 | C50: OBRAS DE CONCRETO SIMPLE | E50: =E31 -> 1
B51: =$B$50 & ".01" -> 02.03.02.03.01 | C51: SOLADO f'c=100 kg/cm2, e=10 cm | D51: m2 | I51: =+SUM(I52) -> 4.15 | J51: =I51*E50 -> 4.15
E52: 1 | F52: =F29 -> area | G52: =G29 -> 4.1548 | I52: =+ROUND(PRODUCT(E52:H52),2) -> 4.15
B54: =$B$20 & ".04" -> 02.03.02.04 | C54: SUMINISTRO E INSTALACION DE TUBERIAS | E54: =E21 -> 1
B55: =$B$54 & ".01" -> 02.03.02.04.01 | C55: SUMINISTRO E INSTALACION DE TUBERÍA DE PVC SAL Ø 2" | D55: m | E55: 1 | F55: 1.5 | I55: =+ROUND(PRODUCT(E55:H55),2) -> 1.5 | J55: =I55*E54 -> 1.5
B57: =$B$54 & ".02" -> 02.03.02.04.02 | C57: SUMINISTRO E INSTALACION DE TUBERÍA DE PVC SAL Ø 4" | D57: und | E57: 1 | F57: 2 | I57: =+ROUND(PRODUCT(E57:H57),2) -> 2 | J57: =I57*E54 -> 2
B59: =$B$20 & ".05" -> 02.03.02.05 | C59: SUMINISTRO E INSTALACION DE BIODIGESTOR | E59: =E54 -> 1
B60: =$B$59 & ".01" -> 02.03.02.05.01 | C60: SUMINISTRO E INSTALACION DE TUBERÍA DE BIODIGESTOR Y ACCESORIOS (1300L) | D60: und | E60: 1 | I60: =+ROUND(PRODUCT(E60:H60),2) -> 1 | J60: =I60*E59 -> 1
B62: 02.03.03 | C62: CAJA DE REGISTRO DE LODOS (0.80 x 0.80 m)
B63: =$B$62 & ".01" -> 02.03.03.01 | C63: TRABAJOS PRELIMINARES | E63: =E59 -> 1
B64: =$B$63 & ".01" -> 02.03.03.01.01 | C64: LIMPIEZA DE TERRENO MANUAL | D64: m2 | I64: =+SUM(I65:I65) -> 0.64 | J64: =I64*E63 -> 0.64
E65: 1 | F65: 0.8 | G65: 0.8 | I65: =+ROUND(PRODUCT(E65:H65),2) -> 0.64
B67: =$B$63 & ".02" -> 02.03.03.01.02 | C67: TRAZO Y REPLANTEO PRELIMINAR PARA ESTRUCTURAS | D67: m2 | I67: =+SUM(I68) -> 0.64 | J67: =I67*E63 -> 0.64
E68: 1 | F68: =F65 -> 0.8 | G68: =G65 -> 0.8 | I68: =+ROUND(PRODUCT(E68:H68),2) -> 0.64
B70: =$B$63 & ".03" -> 02.03.03.01.03 | C70: TRAZO Y REPLANTEO DURANTE EL PROCESO PARA ESTRUCTURAS | D70: m2 | I70: =+SUM(I71) -> 0.64 | J70: =I70*E63 -> 0.64
E71: 1 | F71: =F68 -> 0.8 | G71: =G68 -> 0.8 | I71: =+ROUND(PRODUCT(E71:H71),2) -> 0.64
B73: =$B$62 & ".02" -> 02.03.03.02 | C73: MOVIMIENTO DE TIERRAS | E73: =E63 -> 1
B74: =$B$73 & ".01" -> 02.03.03.02.01 | C74: EXCAVACION MANUAL EN TERRENO NORMAL | D74: m3 | I74: =+SUM(I75:I75) -> 0.8 | J74: =I74*E73 -> 0.8
C75: caja | E75: 1 | F75: =F71 -> 0.8 | G75: =G71 -> 0.8 | H75: 1.25 | I75: =+ROUND(PRODUCT(E75:H75),2) -> 0.8
B77: =$B$73 & ".02" -> 02.03.03.02.02 | C77: REFINE Y COMPACTACION DE FONDOS | D77: m2 | I77: =+SUM(I78) -> 0.64 | J77: =I77*E63 -> 0.64
E78: 1 | F78: =F75 -> 0.8 | G78: =G75 -> 0.8 | I78: =+ROUND(PRODUCT(E78:H78),2) -> 0.64
B80: =$B$73 & ".03" -> 02.03.03.02.03 | C80: ELIMINACION DE DESMONTE DE TERRENO NORMAL D=50 M | D80: m2 | F80: fac. de esp. | I80: =+SUM(I81) -> 1 | J80: =I80*E63 -> 1
E81: 1 | F81: 1.25 | G81: =I74 -> 0.8 | I81: =+ROUND(PRODUCT(E81:H81),2) -> 1
B83: =$B$62 & ".03" -> 02.03.03.03 | C83: OBRAS DE CONCRETO ARMADO | E83: =E73 -> 1
B84: =$B$83 & ".01" -> 02.03.03.03.01 | C84: CONCRETO f'c=175 kg/cm2 EN MUROS | D84: m3 | I84: =+SUM(I85:I86) -> 0.35 | J84: =I84*E83 -> 0.35
C85: muro lateral | E85: 2 | F85: 0.8 | G85: 0.1 | H85: 1.25 | I85: =+ROUND(PRODUCT(E85:H85),2) -> 0.2
C86: muro frontral y posterior | E86: 2 | F86: 0.6 | G86: 0.1 | H86: 1.25 | I86: =+ROUND(PRODUCT(E86:H86),2) -> 0.15
B88: =$B$83 & ".02" -> 02.03.03.03.02 | C88: ENCOFRADO Y DESENCOFRADO EN MUROS | D88: m2 | I88: =+SUM(I89:I90)*1.05 -> 7.35 | J88: =I88*E83 -> 7.35
C89: interior | E89: 1 | F89: 2.4 | H89: 1.25 | I89: =+ROUND(PRODUCT(E89:H89),2) -> 3
C90: exterior | E90: 1 | F90: 3.2 | H90: 1.25 | I90: =+ROUND(PRODUCT(E90:H90),2) -> 4
B92: =$B$83 & ".03" -> 02.03.03.03.03 | C92: ACERO CORRUGADO f'y=4200 kg/cm2 G-60 | D92: kg | E92: Ø | F92: NºVarillas | G92: Long. | H92: kg/m | I92: =+SUM(I93:I94)*1.2 -> 9.384 | J92: =I92*E83 -> 9.384
C93: Acero vertical muro | E93: 0.375 | F93: 16 | G93: 1.15 | H93: =+VLOOKUP(E93,$D$253:$I$261,6,FALSE) -> 0.56 | I93: =+ROUND(PRODUCT(E93:H93),2) -> 3.86
C94: Acero horizontal muro | E94: 0.375 | F94: 6 | G94: 3.14 | H94: =+VLOOKUP(E94,$D$253:$I$261,6,FALSE) -> 0.56 | I94: =+ROUND(PRODUCT(E94:H94),2) -> 3.96
B96: =$B$62 & ".04" -> 02.03.03.04 | C96: REVOQUES Y ENLUCIDOS | E96: =E83 -> 1
B97: =$B$96 & ".01" -> 02.03.03.04.01 | C97: TARRAJEO INTERIOR IMPERMEABILIZANTE C:A 1:2, e=1.5 cm | D97: m2 | I97: =+SUM(I98:I98) -> 3 | J97: =I97*E83 -> 3
C98: muro interior | E98: 1 | F98: 2.4 | H98: 1.25 | I98: =+ROUND(PRODUCT(E98:H98),2) -> 3
B100: =$B$62 & ".05" -> 02.03.03.05 | C100: SUMINISTRO E INSTALACION DE ACCESORIOS | E100: =E96 -> 1
B101: =$B$100 & ".01" -> 02.03.03.05.01 | C101: SUMINISTRO E INSTALACION DE VÁLVULAS Y ACCESORIO DE Ø 2" | D101: und | E101: 1 | I101: =+ROUND(PRODUCT(E101:H101),2) -> 1 | J101: =I101*E100 -> 1
C102: Valvula tipo bola de Ø2" | D102: und | E102: 1
C103: Adaptador Rosca PVC de Ø2" | D103: und | E103: 1
B105: =$B$62 & ".06" -> 02.03.03.06 | C105: CARPINTERIA METÁLICA | E105: =E100 -> 1
B106: =$B$105 & ".01" -> 02.03.03.06.01 | C106: SUMINISTRO E INST. DE TAPA METALICA DE 0.60 x 0.60 m e=1/8" INC. ACCESORIO + PINTURA | D106: und | I106: =I107 -> 1 | J106: =I106*E105 -> 1
E107: 1 | I107: =+ROUND(PRODUCT(E107:H107),2) -> 1
B109: 02.03.04 | C109: POZO DE ABSORCION - DISPOSICION FINAL
B110: =$B$109 & ".01" -> 02.03.04.01 | C110: TRABAJOS PRELIMINARES | E110: =E21 -> 1
B111: =$B$110 & ".01" -> 02.03.04.01.01 | C111: LIMPIEZA Y DESBROCE DE TERRENO MANUAL | D111: m2 | E111: 1 | F111: Area | G111: 3.15 | I111: =+ROUND(PRODUCT(E111:H111),2) -> 3.15 | J111: =+I111*E110 -> 3.15
B113: =$B$110 & ".02" -> 02.03.04.01.02 | C113: TRAZO Y REPLANTEO PRELIMINAR PARA ESTRUCTURAS | D113: m2 | E113: 1 | F113: 3.15 | I113: =+ROUND(PRODUCT(E113:H113),2) -> 3.15 | J113: =+I113 -> 3.15
B115: =$B$110 & ".03" -> 02.03.04.01.03 | C115: TRAZO Y REPLANTEO DURANTE EL PROCESO PARA ESTRUCTURAS | D115: m2 | E115: 1 | F115: 3.15 | I115: =+ROUND(PRODUCT(E115:H115),2) -> 3.15 | J115: =+I115 -> 3.15
B118: =$B$109 & ".02" -> 02.03.04.02 | C118: MOVIMIENTO DE TIERRAS | E118: =E110 -> 1
B119: =$B$118 & ".01" -> 02.03.04.02.01 | C119: EXCAVACION MANUAL EN TERRENO NORMAL | D119: m3 | E119: 1 | F119: =G111 -> 3.15 | H119: 2.75 | I119: =F119*H119 -> 8.6625 | J119: =I119*E118 -> 8.6625
B121: =$B$118 & ".02" -> 02.03.04.02.02 | C121: REFINE Y COMPACTACION DE FONDOS | D121: m2 | E121: 1 | F121: 3.15 | I121: =F121 -> 3.15 | J121: =I121*E118 -> 3.15
B123: =$B$118 & ".03" -> 02.03.04.02.03 | C123: ACARREO Y ELIMINACION DE MAT. EXCEDENTE Dmax=30 m | D123: m3 | E123: Esponjamiento 20% | G123: 1.2 | H123: =I119 -> 8.6625 | I123: =+ROUND(PRODUCT(E123:H123),2) -> 10.4 | J123: =+I123*E118 -> 10.4
B125: =$B$118 & ".04" -> 02.03.04.02.04 | C125: RELLENO CON GRAVA GRUESA DE 1/2" | D125: m3 | E125: 1 | F125: area | I125: =SUM(I126:I129) -> 3.12 | J125: =I125*E118 -> 3.12
C126: area mayor | E126: 1 | F126: 3.15 | H126: 2.6 | I126: =+ROUND(PRODUCT(E126:H126),2) -> 8.19
C127: area menor | E127: -1 | F127: 2.01 | H127: 2.6 | I127: =+ROUND(PRODUCT(E127:H127),2) -> -5.23
B129: =$B$118 & ".05" -> 02.03.04.02.05 | C129: RELLENO CON GRAVA GRUESA DE 2" | D129: m3 | E129: 1 | F129: 0.8 | H129: 0.2 | I129: =F129*H129 -> 0.16 | J129: =I129*E118 -> 0.16
B131: =$B$109 & ".03" -> 02.03.04.03 | C131: OBRAS DE CONCRETO SIMPLE | E131: =E110 -> 1
B132: =$B$131 & ".01" -> 02.03.04.03.01 | C132: CONCRETO f'c=175 kg/cm2 EN ANILLO DE CIMENTACION | D132: m3 | F132: area | I132: =SUM(I133:I134) -> 0.24 | J132: =+I132*E131 -> 0.24
C133: Anillo cimentación interno | E133: -1 | F133: 0.8 | H133: 0.2 | I133: =+ROUND(PRODUCT(E133:H133),2) -> -0.16
C134: Anillo cimentación externo | E134: 1 | F134: 2.01 | H134: 0.2 | I134: =+ROUND(PRODUCT(E134:H134),2) -> 0.4
B136: =$B$131 & ".02" -> 02.03.04.03.02 | C136: ENCOFRADO Y DESENCOFRADO EN ANILLO DE CIMENTACION | D136: m2 | F136: perim | I136: =SUM(I137:I139) -> 1.63 | J136: =+I136*E131 -> 1.63
C137: Anillo cimentación interno | E137: 1 | F137: 3.16 | H137: 0.2 | I137: =+ROUND(PRODUCT(E137:H137),2) -> 0.63
C138: Anillo cimentación externo | E138: 1 | F138: 5.02 | H138: 0.2 | I138: =+ROUND(PRODUCT(E138:H138),2) -> 1
B140: =$B$109 & ".04" -> 02.03.04.04 | C140: OBRAS DE CONCRETO ARMADO | E140: =E110 -> 1 | I140: º
B141: =$B$140 & ".01" -> 02.03.04.04.01 | C141: CONCRETO f'c=175 kg/cm2 EN LOSA SUPERIOR | D141: m3 | F141: areas | I141: =SUM(I142:I144) -> 0.5 | J141: =+I141*E140 -> 0.5
C142: Losa superior exterior | E142: 1 | F142: 3.33 | H142: 0.15 | I142: =+ROUND(PRODUCT(E142:H142),2) -> 0.5
C143: Losa superior interior | E143: -1 | F143: 0.18 | H143: 0.15 | I143: =+ROUND(PRODUCT(E143:H143),2) -> -0.03
C144: Tapa | E144: 1 | F144: 0.3848 | H144: 0.08 | I144: =+ROUND(PRODUCT(E144:H144),2) -> 0.03
B146: =$B$140 & ".01" -> 02.03.04.04.01 | C146: ACERO CORRUGADO f'y=4200 kg/cm2 G-60 | D146: kg | I146: =SUM(I148:I152) -> 44.26 | J146: =+I146*E140 -> 44.26
E147: Ø | F147: NºVarillas | G147: Long. | H147: kg/m
C148: Losa superior horizontal | E148: 0.375 | F148: 12 | G148: 1.65 | H148: 0.56 | I148: =+ROUND(PRODUCT(E148:H148),2) -> 4.16
C149: Losa superior vertical | E149: 0.375 | F149: 12 | G149: 1.65 | H149: 0.56 | I149: =+ROUND(PRODUCT(E149:H149),2) -> 4.16
C150: Losa superior transversal | E150: 0.375 | F150: 8 | G150: 1.0623 | H150: 0.56 | I150: =+ROUND(PRODUCT(E150:H150),2) -> 1.78
...

Sheet Metrado Acero
A1: PLANILLA DE METRADOS DEL SISTEMA DE SANEAMIENTO
A2: "CREACION DEL SERVICIO DE AGUA POTABLE RURAL Y CREACION DEL SERVICIO DE ALCANTARILLADO U OTRAS FORMAS DE DISPOSICION SANITARIA DE EXCRETAS EN EL SECTOR NUEVA ESPERANZA DE LA CC.NN. BAJO PITUCUNA DISTRITO DE RIO NEGRO, PROVINCIA DE SATIPO, DEPARTAMENTO DE JUNIN"
A3: PLANILLA DE METRADO ACERO
A4: DESCRIPCION | D4: ELEMENTO | J4: Ø (Pulg.) | K4: CANTIDAD | L4: N° DE ELEMENTOS | M4: LONG. DEL ELEMENTO (m) | N4: LONGITUD (m)
N5: 1/4" | O5: 3/8" | P5: 1/2" | Q5: 5/8" | R5: 3/4" | S5: 1"
A6: CASETA | B6: ZAPATAS Y COLUMNAS | C6: Acero Vertical frontal - Columna frontal
G7: 0.05
F8: 2.8 | J8: 3/8" | K8: 4 | L8: 4 | M8: =SUM(E6:H10) -> 2.95 | N8: =IF(+$J8=N$5,+$K8*$L8*$M8,0) -> 0 | O8: =IF(+$J8=O$5,+$K8*$L8*$M8,0) -> 47.2 | P8: =IF(+$J8=P$5,+$K8*$L8*$M8,0) -> 0 | Q8: =IF(+$J8=Q$5,+$K8*$L8*$M8,0) -> 0 | R8: =IF(+$J8=R$5,+$K8*$L8*$M8,0) -> 0 | S8: =IF(+$J8=S$5,+$K8*$L8*$M8,0) -> 0
F10: 0.1
C11: Acero Vertical frontal - Columna posterior | G11: 0.05
F13: 3.2 | J13: 3/8" | K13: 4 | L13: 4 | M13: =SUM(E11:G15) -> 3.35 | N13: =IF(+$J13=N$5,+$K13*$L13*$M13,0) -> 0 | O13: =IF(+$J13=O$5,+$K13*$L13*$M13,0) -> 53.6 | P13: =IF(+$J13=P$5,+$K13*$L13*$M13,0) -> 0 | Q13: =IF(+$J13=Q$5,+$K13*$L13*$M13,0) -> 0 | R13: =IF(+$J13=R$5,+$K13*$L13*$M13,0) -> 0 | S13: =IF(+$J13=S$5,+$K13*$L13*$M13,0) -> 0
F15: 0.1
C16: Estribos de Columnas frontal
E17: 0.05
H18: 0.12 | J18: 1/4" | K18: 18 | L18: 5 | M18: =SUM(E16:H20)*2 -> 0.58 | N18: =IF(+$J18=N$5,+$K18*$L18*$M18,0) -> 52.2 | O18: =IF(+$J18=O$5,+$K18*$L18*$M18,0) -> 0 | P18: =IF(+$J18=P$5,+$K18*$L18*$M18,0) -> 0 | Q18: =IF(+$J18=Q$5,+$K18*$L18*$M18,0) -> 0 | R18: =IF(+$J18=R$5,+$K18*$L18*$M18,0) -> 0 | S18: =IF(+$J18=S$5,+$K18*$L18*$M18,0) -> 0
F20: 0.12
C21: Estribos de Columnas posterior
E22: 0.05
H23: 0.12 | J23: 1/4" | K23: 20 | L23: 5 | M23: =SUM(E21:H25)*2 -> 0.58 | N23: =IF(+$J23=N$5,+$K23*$L23*$M23,0) -> 58 | O23: =IF(+$J23=O$5,+$K23*$L23*$M23,0) -> 0 | P23: =IF(+$J23=P$5,+$K23*$L23*$M23,0) -> 0 | Q23: =IF(+$J23=Q$5,+$K23*$L23*$M23,0) -> 0 | R23: =IF(+$J23=R$5,+$K23*$L23*$M23,0) -> 0 | S23: =IF(+$J23=S$5,+$K23*$L23*$M23,0) -> 0
F25: 0.12
C26: Columnas - Acero Vertical | G26: 0.46
E28: 0.15 | J28: 3/8" | K28: 3 | L28: 17 | M28: =SUM(E26:I30) -> 0.61 | N28: =IF(+$J28=N$5,+$K28*$L28*$M28,0) -> 0 | O28: =IF(+$J28=O$5,+$K28*$L28*$M28,0) -> 31.11 | P28: =IF(+$J28=P$5,+$K28*$L28*$M28,0) -> 0 | Q28: =IF(+$J28=Q$5,+$K28*$L28*$M28,0) -> 0 | R28: =IF(+$J28=R$5,+$K28*$L28*$M28,0) -> 0 | S28: =IF(+$J28=S$5,+$K28*$L28*$M28,0) -> 0
B31: VIGAS | C31: Eje 1-1, 2-2(A-B)- Acero Horizontal
G32: 5.02
J33: 3/8" | K33: 4 | L33: 2 | M33: =SUM(E32:I35) -> 5.12 | N33: =IF(+$J33=N$5,+$K33*$L33*$M33,0) -> 0 | O33: =IF(+$J33=O$5,+$K33*$L33*$M33,0) -> 40.96 | P33: =IF(+$J33=P$5,+$K33*$L33*$M33,0) -> 0 | Q33: =IF(+$J33=Q$5,+$K33*$L33*$M33,0) -> 0 | R33: =IF(+$J33=R$5,+$K33*$L33*$M33,0) -> 0 | S33: =IF(+$J33=S$5,+$K33*$L33*$M33,0) -> 0
E34: 0.05 | I34: 0.05
C36: Eje A-A, B-B, C-C, D-D (1-2)- Acero Horizontal
G37: 1.57
J38: 3/8" | K38: 4 | L38: 4 | M38: =SUM(D37:I40) -> 1.67 | N38: =IF(+$J38=N$5,+$K38*$L38*$M38,0) -> 0 | O38: =IF(+$J38=O$5,+$K38*$L38*$M38,0) -> 26.72 | P38: =IF(+$J38=P$5,+$K38*$L38*$M38,0) -> 0 | Q38: =IF(+$J38=Q$4,+$K38*$L38*$M38,0) -> 0 | R38: =IF(+$J38=R$4,+$K38*$L38*$M38,0) -> 0 | S38: =IF(+$J38=S$4,+$K38*$L38*$M38,0) -> 0
E39: 0.05 | I39: 0.05
C41: Estribo 1-1, 2-2 (A-B)- Acero Vertical | G41: 0.12
E42: 0.1
F43: 0.15 | H43: 0.12 | J43: 1/4" | K43: 37 | L43: 2 | M43: =SUM(E41:H45) -> 0.61 | N43: =IF(+$J43=N$5,+$K43*$L43*$M43,0) -> 45.14 | O43: =IF(+$J43=O$5,+$K43*$L43*$M43,0) -> 0 | P43: =IF(+$J43=P$5,+$K43*$L43*$M43,0) -> 0 | Q43: =IF(+$J43=Q$5,+$K43*$L43*$M43,0) -> 0 | R43: =IF(+$J43=R$5,+$K43*$L43*$M43,0) -> 0 | S43: =IF(+$J43=S$5,+$K43*$L43*$M43,0) -> 0
G45: 0.12
C46: Estribo A-A, B-B, C-C, D-D (1-2)- Acero Vertical
E47: 0.05
H48: 0.12 | J48: 1/4" | K48: 11 | L48: 4 | M48: =SUM(E46:H50)*2 -> 0.58 | N48: =IF(+$J48=N$5,+$K48*$L48*$M48,0) -> 25.52 | O48: =IF(+$J48=O$5,+$K48*$L48*$M48,0) -> 0 | P48: =IF(+$J48=P$5,+$K48*$L48*$M48,0) -> 0 | Q48: =IF(+$J48=Q$5,+$K48*$L48*$M48,0) -> 0 | R48: =IF(+$J48=R$5,+$K48*$L48*$M48,0) -> 0 | S48: =IF(+$J48=S$5,+$K48*$L48*$M48,0) -> 0
F50: 0.12
J51: SUB TOTAL (m) | N51: =SUM(N6:N50) -> 180.86 | O51: =SUM(O6:O50) -> 199.59 | P51: =SUM(P6:P50) -> 0 | Q51: =SUM(Q6:Q50) -> 0 | R51: =SUM(R6:R50) -> 0 | S51: =SUM(S6:S50) -> 0
J52: PESO POR DIAMETRO VARILLA (kg/m) | N52: 0.222 | O52: 0.56 | P52: 0.994 | Q52: 1.552 | R52: 2.235 | S52: 3.973
J53: SUB TOTAL (kg) | N53: =+N51*N52 -> 40.15092 | O53: =+O51*O52 -> 111.7704 | P53: =+P51*P52 -> 0 | Q53: =+Q51*Q52 -> 0 | R53: =+R52*R51 -> 0 | S53: =+S52*S51 -> 0
J54: TOTAL (kg) | N54: =SUM(N53:S53)*1.05 -> 159.51739

Sheet Acero
A1: MEJORAMIENTO Y AMPLIACIÓN DEL SERVICIO DE AGUA POTABLE E INSTALACIÓN DEL SERVICIO DE DISPOSICIÓN SANITARIA DE EXCRETAS EN EL CENTRO POBLADO JOSÉ GÁLVEZ, DISTRITO DE MAZAMARI - SATIPO - JUNÍN.”
A2: ESTRUCTURAS: Metrado Auxiliar de Acero | T2: UBS-BAÑOS DIGNOS
A4: N° de Partida | B4: Descripción del elemento estructural | C4: Diseño de Acero en el elemento estructural | K4: Diámetro de varilla | L4: Longitud por diseño (Inc. Traslape) | M4: Repeticiones del diseño | N4: Cant. elem. estructurales | O4: LONGITUD POR DIAMETRO DE VARILLA EN METROS LINEALES
O5: 1/4 | P5: 3/8 | Q5: 1/2 | R5: 5/8 | S5: 3/4 | T5: 1
A6: 02.02.04.01.03 | B6: ACERO CORRUGADO fy=4200 kg/cm2 GRADO 60
B8: Transversal | K8: 3/8 | L8: 0.25 | M8: 3 | N8: 1 | P8: 0.75
B9: Longitudinal | K9: 3/8 | L9: 0.25 | M9: 3 | N9: 1 | P9: 0.75
B10: Peso en kilogramos por metro lineal | O10: 0.25 | P10: 0.56 | Q10: 0.99 | R10: 1.55 | S10: 2.24 | T10: 3.97
B11: Longitud total por diámetro, en metros lineales | O11: 0 | P11: 1.5 | Q11: 0 | R11: 0 | S11: 0 | T11: 0
B12: Total en kilogramos por diámetro | O12: 0 | P12: 0.84 | Q12: 0 | R12: 0 | S12: 0 | T12: 0
B13: Nº Varillas | O13: 0 | P13: 0.17 | Q13: 0 | R13: 0 | S13: 0 | T13: 0
B14: Total en kilogramos | O14: 0.84
A15: 02.02.04.02.03 | B15: ACERO CORRUGADO fy=4200 kg/cm2 GRADO 60
B17: Eje A - A: Longitudinal | K17: 3/8 | L17: 3 | M17: 4 | N17: 2 | P17: 24
B18: estribos | K18: 1/4 | L18: 0.54 | M18: 22 | N18: 2 | O18: 23.76
B19: Eje C - C: Longitudinal | K19: 3/8 | L19: 3.8 | M19: 4 | N19: 2 | P19: 30.4
B20: estribos | K20: 1/4 | L20: 0.54 | M20: 27 | N20: 2 | O20: 29.16
B22: Peso en kilogramos por metro lineal | O22: 0.25 | P22: 0.56 | Q22: 0.99 | R22: 1.55 | S22: 2.24 | T22: 3.97
B23: Longitud total por diámetro, en metros lineales | O23: 52.92 | P23: 54.4 | Q23: 0 | R23: 0 | S23: 0 | T23: 0
B24: Total en kilogramos por diámetro | O24: 13.23 | P24: 30.46 | Q24: 0 | R24: 0 | S24: 0 | T24: 0
B25: Nº Varillas | O25: 5.88 | P25: 6.05 | Q25: 0 | R25: 0 | S25: 0 | T25: 0
B26: Total en kilogramos | O26: 43.69
A27: 02.02.04.03.03 | B27: ACERO CORRUGADO fy=4200 kg/cm2 GRADO 60
B29: Eje 1 - 1: Longitudinal | K29: 3/8 | L29: 3.3 | M29: 2 | N29: 1 | P29: 6.6
B30: estribos | K30: 1/4 | L30: 0.2 | M30: 11 | N30: 1 | O30: 2.2
B31: Eje A - A: Longitudinal | K31: 3/8 | L31: 2.3 | M31: 2 | N31: 1 | P31: 4.6
B32: estribos | K32: 1/4 | L32: 0.2 | M32: 16 | N32: 1 | O32: 3.2
B33: Eje 3 - 3: Longitudinal | K33: 3/8 | L33: 3.3 | M33: 2 | N33: 1 | P33: 6.6
B34: estribos | K34: 1/4 | L34: 0.2 | M34: 16 | N34: 1 | O34: 3.2
B35: Eje C - C: Longitudinal | K35: 3/8 | L35: 2.3 | M35: 2 | N35: 1 | P35: 4.6
B36: estribos | K36: 1/4 | L36: 0.2 | M36: 11 | N36: 1 | O36: 2.2
B38: Peso en kilogramos por metro lineal | O38: 0.25 | P38: 0.56 | Q38: 0.99 | R38: 1.55 | S38: 2.24 | T38: 3.97
B39: Longitud total por diámetro, en metros lineales | O39: 10.8 | P39: 22.4 | Q39: 0 | R39: 0 | S39: 0 | T39: 0
B40: Total en kilogramos por diámetro | O40: 2.7 | P40: 12.54 | Q40: 0 | R40: 0 | S40: 0 | T40: 0
B41: Nº Varillas | O41: 1.2 | P41: 2.49 | Q41: 0 | R41: 0 | S41: 0 | T41: 0
B42: Total en kilogramos | O42: 15.24
A43: 02.02.04.04.03 | B43: ACERO CORRUGADO fy=4200 kg/cm2 GRADO 60
B45: Longitudinal | K45: 3/8 | L45: 2.4 | M45: 1 | N45: 7 | P45: 16.8
B46: Transversal | K46: 3/8 | L46: 1.9 | M46: 1 | N46: 9 | P46: 17.1
B47: Peso en kilogramos por metro lineal | O47: 0.25 | P47: 0.56 | Q47: 0.99 | R47: 1.55 | S47: 2.24 | T47: 3.97
B48: Longitud total por diámetro, en metros lineales | O48: 0 | P48: 33.9 | Q48: 0 | R48: 0 | S48: 0 | T48: 0
B49: Total en kilogramos por diámetro | O49: 0 | P49: 18.98 | Q49: 0 | R49: 0 | S49: 0 | T49: 0
B50: Nº Varillas | O50: 0 | P50: 3.77 | Q50: 0 | R50: 0 | S50: 0 | T50: 0
B51: Total en kilogramos | O51: 18.98
A52: 02.02.04.05.03 | B52: ACERO CORRUGADO fy=4200 kg/cm2 GRADO 60
B54: Longitudinal | K54: 3/8 | L54: 1.12 | M54: 2 | N54: 8 | P54: 17.92
B55: Transversal | K55: 3/8 | L55: 1.7 | M55: 2 | N55: 4 | P55: 13.6
B56: Peso en kilogramos por metro lineal | O56: 0.25 | P56: 0.56 | Q56: 0.99 | R56: 1.55 | S56: 2.24 | T56: 3.97
B57: Longitud total por diámetro, en metros lineales | O57: 0 | P57: 31.52 | Q57: 0 | R57: 0 | S57: 0 | T57: 0
B58: Total en kilogramos por diámetro | O58: 0 | P58: 17.65 | Q58: 0 | R58: 0 | S58: 0 | T58: 0
B59: Nº Varillas | O59: 0 | P59: 3.51 | Q59: 0 | R59: 0 | S59: 0 | T59: 0
B60: Total en kilogramos | O60: 17.65
A61: 02.02.04.06.03 | B61: ACERO CORRUGADO fy=4200 kg/cm2 GRADO 60
B63: Transversal | K63: 3/8 | L63: 0.65 | M63: 7 | N63: 1 | P63: 4.55
B64: Longitudinal | K64: 3/8 | L64: 2 | M64: 3 | N64: 1 | P64: 6
B65: Longitudinal base anclaje | K65: 3/8 | L65: 0.95 | M65: 3 | N65: 1 | P65: 2.85
B66: Peso en kilogramos por metro lineal | O66: 0.25 | P66: 0.56 | Q66: 0.99 | R66: 1.55 | S66: 2.24 | T66: 3.97
B67: Longitud total por diámetro, en metros lineales | O67: 0 | P67: 13.4 | Q67: 0 | R67: 0 | S67: 0 | T67: 0
B68: Total en kilogramos por diámetro | O68: 0 | P68: 7.5 | Q68: 0 | R68: 0 | S68: 0 | T68: 0
B69: Nº Varillas | O69: 0 | P69: 1.49 | Q69: 0 | R69: 0 | S69: 0 | T69: 0
B70: Total en kilogramos | O70: 7.5
A71: 02.02.04.07.03 | B71: ACERO CORRUGADO fy=4200 kg/cm2 GRADO 60
B73: Longitudinal | K73: 1/4 | L73: 0.81 | M73: 7 | N73: 2 | O73: 11.34
B74: Transversal | K74: 1/4 | L74: 0.61 | M74: 8 | N74: 2 | O74: 9.76
B75: Peso en kilogramos por metro lineal | O75: 0.25 | P75: 0.56 | Q75: 0.99 | R75: 1.55 | S75: 2.24 | T75: 3.97
B76: Longitud total por diámetro, en metros lineales | O76: 21.1 | P76: 0 | Q76: 0 | R76: 0 | S76: 0 | T76: 0
B77: Total en kilogramos por diámetro | O77: 5.28 | P77: 0 | Q77: 0 | R77: 0 | S77: 0 | T77: 0
B78: Nº Varillas | O78: 2.35 | P78: 0 | Q78: 0 | R78: 0 | S78: 0 | T78: 0
B79: Total en kilogramos | O79: 5.28
A80: 0.1.01.05.04.03 | B80: ACERO CORRUGADO fy=4200 kg/cm2 GRADO 60
B82: Transversal | K82: 1/4 | L82: 0.3 | M82: 6 | N82: 1 | O82: =L82*M82 -> 1.8
B83: Longitudinal | K83: 1/4 | L83: 0.6 | M83: 3 | N83: 1 | O83: =L83*M83 -> 1.8
B84: Peso en kilogramos por metro lineal | O84: 0.25 | P84: 0.56 | Q84: 0.99 | R84: 1.55 | S84: 2.24 | T84: 3.97
B85: Longitud total por diámetro, en metros lineales | O85: =SUM(O82:O83) -> 3.6 | Q85: 0 | R85: 0 | S85: 0 | T85: 0
B86: Total en kilogramos por diámetro | O86: =O84*O85 -> 0.9 | Q86: 0 | R86: 0 | S86: 0 | T86: 0
B87: Nº Varillas | O87: 0 | Q87: 0 | R87: 0 | S87: 0 | T87: 0
B88: Total en kilogramos | O88: =O86 -> 0.9
A89: 0.1.01.05.04.03 | B89: ACERO CORRUGADO fy=4200 kg/cm2 GRADO 60
B91: Transversal | K91: 1/4 | L91: 0.4 | M91: 10 | N91: 1 | O91: =L91*M91 -> 4
B92: Longitudinal | K92: 1/4 | L92: 1 | M92: 4 | N92: 1 | O92: =L92*M92 -> 4
B93: Peso en kilogramos por metro lineal | O93: 0.25 | P93: 0.56 | Q93: 0.99 | R93: 1.55 | S93: 2.24 | T93: 3.97
B94: Longitud total por diámetro, en metros lineales | O94: =SUM(O91:O92) -> 8 | Q94: 0 | R94: 0 | S94: 0 | T94: 0
B95: Total en kilogramos por diámetro | O95: =O93*O94 -> 2 | Q95: 0 | R95: 0 | S95: 0 | T95: 0
B96: Nº Varillas | O96: 0 | Q96: 0 | R96: 0 | S96: 0 | T96: 0
B97: Total en kilogramos | O97: =O95 -> 2
B100: 0.3
A101: LMAYOR | B101: 1.28
B102: 0.12
B103: 0.3 | K103: 2
B104: 0.3
B105: 0.34
B106: 0.31 | K106: 2.95
B107: 0.95
